<?xml version="1.0" encoding="UTF-8"?>
<beans xmlns="http://www.springframework.org/schema/beans"
	xmlns:xsi="http://www.w3.org/2001/XMLSchema-instance"
	xsi:schemaLocation="http://www.springframework.org/schema/beans
        https://www.springframework.org/schema/beans/spring-beans.xsd">
        
	<bean id="dateFormat" class="java.text.SimpleDateFormat">
		<constructor-arg value="dd/MM/yyyy" />
	</bean>

	<!-- __________________MenuItem Instances____________________________  -->
	
	<bean id="sandwich" class="com.cognizant.truyum.truyumrest.model.MenuItem">
		<property name="id" value="1" />
		<property name="name" value="Sandwich" />
		<property name="price" value="99f" />
		<property name="active" value="Yes" />
		<property name="dateOfLaunch">
			<bean factory-bean="dateFormat" factory-method="parse">
				<constructor-arg value="15/03/2017" />
			</bean>
		</property>
		<property name="category" value="Main Course" />
		<property name="freeDelivery" value="Yes" />
	</bean>

	<bean id="burger" class="com.cognizant.truyum.truyumrest.model.MenuItem">
		<property name="id" value="2" />
		<property name="name" value="Burger" />
		<property name="price" value="129f" />
		<property name="active" value="Yes" />
		<property name="dateOfLaunch">
			<bean factory-bean="dateFormat" factory-method="parse">
				<constructor-arg value="23/12/2017" />
			</bean>
		</property>
		<property name="category" value="Main Course" />
		<property name="freeDelivery" value="No" />
	</bean>

	<bean id="pizza" class="com.cognizant.truyum.truyumrest.model.MenuItem">
		<property name="id" value="3" />
		<property name="name" value="Pizza" />
		<property name="price" value="149f" />
		<property name="active" value="Yes" />
		<property name="dateOfLaunch">
			<bean factory-bean="dateFormat" factory-method="parse">
				<constructor-arg value="21/08/2018" />
			</bean>
		</property>
		<property name="category" value="Main Course" />
		<property name="freeDelivery" value="No" />
	</bean>

	<bean id="fries" class="com.cognizant.truyum.truyumrest.model.MenuItem">
		<property name="id" value="4" />
		<property name="name" value="French Fries" />
		<property name="price" value="57f" />
		<property name="active" value="No" />
		<property name="dateOfLaunch">
			<bean factory-bean="dateFormat" factory-method="parse">
				<constructor-arg value="02/07/2021" />
			</bean>
		</property>
		<property name="category" value="Starters" />
		<property name="freeDelivery" value="Yes" />
	</bean>

	<bean id="brownie" class="com.cognizant.truyum.truyumrest.model.MenuItem">
		<property name="id" value="5" />
		<property name="name" value="Chocolate Brownie" />
		<property name="price" value="32f" />
		<property name="active" value="Yes" />
		<property name="dateOfLaunch">
			<bean factory-bean="dateFormat" factory-method="parse">
				<constructor-arg value="02/11/2022" />
			</bean>
		</property>
		<property name="category" value="Dessert" />
		<property name="freeDelivery" value="Yes" />
	</bean>

	<bean id="menuitem_list" class="java.util.ArrayList">
		<constructor-arg>
			<list>
				<ref bean="sandwich" />
				<ref bean="burger" />
				<ref bean="pizza" />
				<ref bean="fries" />
				<ref bean="brownie" />
			</list>
		</constructor-arg>
	</bean>

</beans>