<?xml version="1.0" encoding="UTF-8"?>
<beans xmlns="http://www.springframework.org/schema/beans"

	xmlns:xsi="http://www.w3.org/2001/XMLSchema-instance"

	xsi:schemaLocation="http://www.springframework.org/schema/beans
https://www.springframework.org/schema/beans/spring-beans.xsd">
<bean id="dateFormat" class="java.text.SimpleDateFormat">
		<constructor-arg value="dd/MM/yyyy" />
</bean>
<!-- ____________________Movie Instances________________________ -->
<bean name="PK" class="com.cognizant.moviecruiserRest.model.Movie">
	<property name="id" value="1"/>
	<property name="movieTitle" value="PK"/>
	<property name="boxOffice" value="90.0"/>
	<property name="genre" value="satire"/>
	<property name="teaser" value="true"/>
	<property name="active" value="true"/>
	<property name="dateOfLaunch">
		<bean factory-bean="dateFormat" factory-method="parse">
				<constructor-arg value="04/04/2020" />
			</bean>
	</property>
</bean>

<bean name="Dia" class="com.cognizant.moviecruiserRest.model.Movie">
	<property name="id" value="2"/>
	<property name="movieTitle" value="Dia"/>
	<property name="boxOffice" value="30.0"/>
	<property name="genre" value="romantic drama"/>
	<property name="teaser" value="true"/>
	<property name="active" value="true"/>
	<property name="dateOfLaunch">
		<bean factory-bean="dateFormat" factory-method="parse">
				<constructor-arg value="17/11/2020" />
			</bean>
	</property>
</bean>

<bean name="Hera-pheri3" class="com.cognizant.moviecruiserRest.model.Movie">
	<property name="id" value="3"/>
	<property name="movieTitle" value="Hera-Pheri 3"/>
	<property name="boxOffice" value="24.3"/>
	<property name="genre" value="comedy"/>
	<property name="teaser" value="false"/>
	<property name="active" value="false"/>
	<property name="dateOfLaunch">
		<bean factory-bean="dateFormat" factory-method="parse">
				<constructor-arg value="04/10/2020" />
			</bean>
	</property>
</bean>

<bean name="Alayaan" class="com.cognizant.moviecruiserRest.model.Movie">
	<property name="id" value="4"/>
	<property name="movieTitle" value="Alyaan"/>
	<property name="boxOffice" value="0.0"/>
	<property name="genre" value="sci-fiction"/>
	<property name="teaser" value="true"/>
	<property name="active" value="false"/>
	<property name="dateOfLaunch">
		<bean factory-bean="dateFormat" factory-method="parse">
				<constructor-arg value="23/04/2021" />
			</bean>
	</property>
</bean>

<!-- _____________________________________________________ -->
	
<bean id="movieList" class="java.util.ArrayList">

	<constructor-arg>

		<list>

  			<ref bean="PK"></ref>
			<ref bean="Dia"></ref>
			<ref bean="Hera-pheri3"></ref>
			<ref bean="Alayaan"></ref>
		
		</list>

	</constructor-arg>

</bean>
	
</beans>